95%up,95%down,90%up,90%down,80%up,80%down,70%up,70%down,60%up,60%down,50%up,50%down,40%up,40%down,30%up,30%down,20%up,20%down,10%up,10%down,true
101.15057528764382,24.312156078039017,95.64782391195597,30.215107553776885,89.04452226113057,37.61880940470235,84.44222111055527,43.12156078039019,80.84042021010505,47.72386193096548,77.73886943471736,51.52576288144072,74.93746873436717,54.92746373186593,72.43621810905452,57.82891445722861,70.03501750875438,60.53026513256628,67.63381690845422,63.031515757878935,56.019
108.8544272136068,26.213106553276635,100.9504752376188,32.016008004001996,92.24612306153075,38.91945972986493,86.64332166083041,43.82191095547773,82.34117058529264,47.72386193096548,78.83941970985492,51.2256128064032,75.73786893446723,54.32716358179089,72.83641820910455,57.22861430715357,70.23511755877938,59.92996498249124,67.63381690845422,62.53126563281641,69.612
119.55977988994496,49.22461230615308,114.55727863931965,55.22761380690345,108.75437718859429,62.33116558279139,104.75237618809405,67.3336668334167,101.55077538769385,71.23561780890445,98.74937468734366,74.63731865932967,96.24812406203101,77.53876938469234,93.94697348674336,80.24012006003001,91.64582291145572,82.74137068534267,89.44472236118058,85.04252126063031,77.415
109.55477738869433,28.8144072036018,104.25212606303151,35.91795897948974,98.14907453726863,43.92196098049024,93.84692346173085,49.424712356178084,90.44522261130565,53.726863431715856,87.24362181090545,57.52876438219109,84.34217108554276,60.93046523261631,81.54077038519259,64.1320660330165,78.73936968484242,67.2336168084042,75.93796898449224,70.23511755877938,68.323
95.24762381190595,30.315157578789393,90.64532266133065,37.218609304652325,85.94297148574286,45.722861430715355,83.14157078539269,51.92596298149074,81.04052026013007,56.928464232116056,79.13956978489244,60.8304152076038,77.53876938469234,63.831915957978985,75.93796898449224,66.23311655827914,74.53726863431716,68.23411705852926,73.03651825912956,69.93496748374187,63.551
90.04502251125562,8.904452226113056,81.14057028514257,13.30665332666333,71.53576788394197,18.90945472736368,65.53276638319159,23.011505752876438,60.8304152076038,26.41320660330165,57.02851425712856,29.514757378689342,53.62681340670335,32.21610805402701,50.62531265632816,34.91745872936468,47.72386193096548,37.51875937968984,45.02251125562781,40.0200100050025,55.062
99.94997498749375,18.90945472736368,92.9464732366183,23.71185592796398,84.34217108554276,29.214607303651825,78.13906953476737,33.01650825412706,72.73636818409204,36.01800900450225,68.03401700850425,38.61930965482741,63.73186593296648,41.12056028014007,59.829914957478735,43.52176088044022,56.42821410705352,45.82291145572786,53.426713356678334,48.22411205602801,53.852
113.15657828914456,19.309654827413706,106.05302651325663,25.31265632816408,97.34867433716857,32.51625812906453,90.84542271135567,37.51875937968984,85.44272136068034,41.720860430215104,80.54027013506753,45.322661330665326,76.13806903451726,48.72436218109054,72.136068034017,51.92596298149074,68.33416708354177,55.12756378189094,64.73236618309154,58.229114557278635,71.867
177.28864432216108,103.65182591295647,171.58579289644823,109.65482741370684,164.9824912456228,116.65832916458228,160.48024012006002,121.36068034017008,156.77838919459728,125.06253126563281,153.6768384192096,128.264132066033,150.87543771885942,131.16558279139568,148.27413706853426,133.76688344172086,145.7728864432216,136.26813406703351,143.37168584292147,138.66933466733366,146.466
143.67183591795896,74.33716858429214,137.46873436718357,78.5392696348174,129.96498249124562,83.54177088544272,124.66233116558278,86.94347173586793,120.46023011505753,89.7448724362181,116.8584292146073,92.24612306153075,113.55677838919459,94.5472736368184,110.65532766383191,96.74837418709355,108.05402701350674,98.94947473736867,105.55277638819409,101.05052526263131,112.559
167.38369184592295,91.54577288644322,161.4807403701851,97.44872436218108,154.37718859429714,104.25212606303151,149.37468734367184,108.8544272136068,145.27263631815907,112.45622811405703,141.87093546773386,115.55777888944472,138.76938469234616,118.35917958979489,135.8679339669835,120.96048024012005,133.26663331665833,123.46173086543271,130.66533266633317,125.86293146573286,133.629
131.86593296648323,41.32066033016508,126.5632816408204,50.32516258129064,119.95997998999499,60.230115057528764,114.95747873936968,66.33316658329164,110.35517758879439,70.83541770885442,106.05302651325663,74.63731865932967,102.05102551275637,77.93896948474237,98.44922461230615,80.94047023511756,95.14757378689345,83.74187093546773,92.14607303651826,86.5432716358179,94.071
94.04702351175587,29.714857428714357,87.84392196098048,35.41770885442721,81.24062031015507,41.720860430215104,77.23861930965482,45.722861430715355,74.13706853426713,48.82441220610305,71.53576788394197,51.42571285642821,69.23461730865432,53.726863431715856,67.13356678339169,55.827913956978485,65.13256628314157,57.728864432216106,63.33166583291646,59.62981490745372,64.563
83.94197098549274,9.404702351175587,79.33966983491746,14.307153576788393,74.13706853426713,20.910455227613806,70.5352676338169,25.912956478239117,67.53376688344171,30.215107553776885,64.93246623311656,34.31715857928964,62.53126563281641,38.21910955477739,60.13006503251626,42.12106053026513,57.6288144072036,45.82291145572786,55.027513756878434,49.22461230615308,46.21
60.230115057528764,3.2016008004002,55.22761380690345,5.802901450725362,49.6248124062031,10.205102551275637,45.92296148074037,13.806903451725862,43.02151075537768,16.908454227113555,40.52026013006503,19.609804902451224,38.31915957978989,22.011005502751374,36.21810905452726,24.312156078039017,34.21710855427714,26.41320660330165,32.21610805402701,28.414207103551774,27.989
49.22461230615308,0.80040020010005,43.02151075537768,1.5007503751875937,35.81790895447724,2.901450725362681,31.115557778889443,4.302151075537768,27.613806903451724,5.702851425712856,24.712356178089042,7.103551775887944,22.211105552776388,8.504252126063031,20.01000500250125,9.904952476238119,18.009004502251123,11.405702851425712,16.208104052026012,13.006503251625812,7.918
43.72186093046523,0.7003501750875437,38.519259629814904,1.4007003501750874,32.51625812906453,2.7013506753376686,28.614307153576785,4.0020010005002495,25.512756378189092,5.402701350675337,22.91145572786393,6.703351675837919,20.71035517758879,8.004002001000499,18.70935467733867,9.404702351175587,16.908454227113555,10.805402701350674,15.20760380190095,12.206103051525762,0.242
40.420210105052526,0.6003001500750375,35.317658829414704,1.1005502751375686,29.514757378689342,2.2011005502751373,25.6128064032016,3.301650825412706,22.711355677838917,4.402201100550275,20.210105052526263,5.5027513756878434,18.10905452726363,6.603301650825412,16.208104052026012,7.8039019509754874,14.607303651825912,9.004502251125562,13.006503251625812,10.305152576288144,0.237
52.52626313156578,0.80040020010005,46.32316158079039,1.6008004002001,39.21960980490245,3.2016008004002,34.41720860430215,4.8024012006003,30.715357678839418,6.3031515757878935,27.613806903451724,7.903951975987994,24.912456228114056,9.504752376188094,22.511255627813906,11.2056028014007,20.310155077538766,12.8064032016008,18.209104552276138,14.607303651825912,0.551
47.62381190595298,0.7003501750875437,41.52076038019009,1.4007003501750874,34.71735867933967,2.7013506753376686,30.215107553776885,4.0020010005002495,26.813406703351674,5.302651325662831,24.0120060030015,6.703351675837919,21.51075537768884,8.004002001000499,19.409704852426213,9.504752376188094,17.408704352176088,10.905452726363182,15.607803901950975,12.406203101550775,0.14
42.521260630315155,0.6003001500750375,36.418209104552275,1.1005502751375686,29.81490745372686,2.2011005502751373,25.712856428214106,3.301650825412706,22.611305652826413,4.402201100550275,20.210105052526263,5.60280140070035,18.10905452726363,6.703351675837919,16.208104052026012,7.903951975987994,14.507253626813405,9.104552276138069,13.006503251625812,10.40520260130065,0.485
50.225112556278134,1.1005502751375686,45.322661330665326,2.101050525262631,39.619809904952476,4.102051025512756,35.71785892946473,6.003001500750375,32.51625812906453,7.903951975987994,29.81490745372686,9.804902451225612,27.313656828414207,11.605802901450724,25.112556278139067,13.406703351675837,23.011505752876438,15.307653826913455,20.910455227613806,17.10855427713857,3.579
39.21960980490245,0.6003001500750375,34.11705852926463,1.200600300150075,28.614307153576785,2.40120060030015,25.112556278139067,3.601800900450225,22.4112056028014,4.702351175587793,20.110055027513756,5.9029514757378685,18.209104552276138,7.103551775887944,16.50825412706353,8.304152076038019,14.90745372686343,9.504752376188094,13.406703351675837,10.805402701350674,6.977
56.52826413206603,0.7003501750875437,49.12456228114057,1.3006503251625812,40.420210105052526,2.6013006503251623,34.61730865432716,3.8019009504752375,30.115057528764382,5.102551275637818,26.41320660330165,6.4032016008004,23.311655827913956,7.8039019509754874,20.51025512756378,9.204602301150574,18.10905452726363,10.705352676338169,16.008004002000998,12.406203101550775,12.11
61.33066533266633,1.0005002501250624,54.4272136068034,2.0010005002501248,46.32316158079039,3.9019509754877437,40.920460230115054,5.702851425712856,36.71835917958979,7.603801900950475,33.11655827913957,9.504752376188094,29.914957478739368,11.405702851425712,27.013506753376685,13.406703351675837,24.412206103051524,15.407703851925962,21.910955477738867,17.508754377188595,11.674
61.430715357678835,1.200600300150075,54.72736368184092,2.2011005502751373,47.12356178089044,4.402201100550275,42.021010505252626,6.503251625812906,38.019009504752376,8.604302151075537,34.61730865432716,10.605302651325662,31.615807903951975,12.706353176588294,28.8144072036018,14.90745372686343,26.313156578289142,17.008504252126063,23.81190595297649,19.309654827413706,12.964
71.83591795897948,2.0010005002501248,65.8329164582291,3.8019009504752375,58.62931465732866,7.103551775887944,53.32666333166583,10.105052526263131,49.02451225612806,12.906453226613305,45.12256128064032,15.607803901950975,41.52076038019009,18.309154577288645,38.21910955477739,21.010505252626313,35.01750875437719,23.71185592796398,32.016008004001996,26.41320660330165,23.779
68.8344172086043,5.402701350675337,65.63281640820409,8.80440220110055,61.63081540770385,13.706853426713355,58.32916458229114,17.408704352176088,55.12756378189094,20.610305152576288,51.72586293146573,23.411705852926463,48.32416208104052,26.11305652826413,44.922461230615305,28.714357178589292,41.82091045522761,31.315657828914457,39.01950975487743,33.81690845422711,39.464
71.73586793396697,5.202601300650325,66.83341670835418,8.704352176088044,61.23061530765382,13.906953476738368,57.32866433216608,17.90895447723862,54.12706353176588,21.410705352676338,51.325662831415706,24.51225612806403,48.52426213106553,27.41370685342671,45.92296148074037,30.215107553776885,43.321660830415205,33.01650825412706,40.72036018009004,35.617808904452225,37.179
67.63381690845422,3.5017508754377187,62.4312156078039,6.203101550775387,56.0280140070035,10.505252626313156,51.325662831415706,14.007003501750875,47.52376188094047,17.008504252126063,44.22211105552776,19.70985492746373,41.220610305152576,22.211105552776388,38.519259629814904,24.61230615307654,36.01800900450225,26.91345672836418,33.6168084042021,29.114557278639317,38.164
69.83491745872936,4.702351175587793,64.73236618309154,8.504252126063031,58.92946473236618,14.607303651825912,55.12756378189094,19.309654827413706,52.02601300650325,23.311655827913956,49.52476238119059,26.61330665332666,47.12356178089044,29.514757378689342,45.02251125562781,32.1160580290145,42.92146073036518,34.517258629314654,40.82041020510255,36.71835917958979,34.434
74.63731865932967,5.002501250625312,68.9344672336168,8.904452226113056,62.33116558279139,14.807403701850925,57.92896448224111,19.409704852426213,54.32716358179089,23.11155577788894,51.325662831415706,26.41320660330165,48.624312156078034,29.214607303651825,46.123061530765376,31.915957978989493,43.72186093046523,34.41720860430215,41.32066033016508,36.8184092046023,36.13
73.6368184092046,2.2011005502751373,68.23411705852926,4.202101050525262,61.73086543271636,7.903951975987994,57.02851425712856,11.305652826413207,53.12656328164082,14.607303651825912,49.52476238119059,17.808904452226113,46.123061530765376,21.010505252626313,42.821410705352676,24.112056028014006,39.619809904952476,27.2136068034017,36.51825912956478,30.315157578789393,38.534
73.7368684342171,3.4017008504252124,68.23411705852926,6.103051525762881,61.73086543271636,10.505252626313156,57.22861430715357,14.307153576788393,53.426713356678334,17.708854427213605,50.12506253126563,20.8104052026013,47.023511755877934,23.911955977988992,44.122061030515255,26.813406703351674,41.220610305152576,29.714857428714357,38.31915957978989,32.61630815407704,39.678
72.0360180090045,3.601800900450225,65.63281640820409,6.503251625812906,58.229114557278635,11.2056028014007,53.426713356678334,15.007503751875937,49.724862431215605,18.40920460230115,46.62331165582791,21.410705352676338,43.82191095547773,24.212106053026513,41.220610305152576,26.813406703351674,38.819409704852426,29.31465732866433,36.418209104552275,31.815907953976986,34.623
78.03901950975487,2.0010005002501248,70.33516758379189,3.701850925462731,61.33066533266633,7.103551775887944,55.327663831915956,10.205102551275637,50.72536268134067,13.30665332666333,46.92346173086543,16.30815407703852,43.52176088044022,19.409704852426213,40.32016008004002,22.511255627813906,37.41870935467734,25.6128064032016,34.41720860430215,28.614307153576785,33.771
61.23061530765382,1.6008004002001,56.22811405702851,3.1015507753876936,50.12506253126563,5.9029514757378685,45.722861430715355,8.504252126063031,42.021010505252626,11.005502751375687,38.71935967983992,13.406703351675837,35.71785892946473,15.70785392696348,32.91645822911455,18.10905452726363,30.215107553776885,20.410205102551274,27.613806903451724,22.811405702851424,25.962
45.322661330665326,1.200600300150075,40.62031015507753,2.2011005502751373,35.317658829414704,4.202101050525262,31.815907953976986,6.103051525762881,29.114557278639317,7.8039019509754874,26.713356678339167,9.504752376188094,24.61230615307654,11.2056028014007,22.711355677838917,12.8064032016008,20.910455227613806,14.4072036018009,19.2096048024012,16.008004002000998,12.971
42.32116058029014,0.7003501750875437,37.11855927963982,1.4007003501750874,31.315657828914457,2.7013506753376686,27.41370685342671,4.0020010005002495,24.51225612806403,5.302651325662831,22.11105552776388,6.603301650825412,19.90995497748874,7.903951975987994,18.10905452726363,9.204602301150574,16.30815407703852,10.505252626313156,14.707353676838418,11.905952976488244,8.495
58.62931465732866,1.3006503251625812,52.8264132066033,2.501250625312656,46.023011505752876,4.702351175587793,41.42071035517758,6.903451725862931,37.61880940470235,9.004502251125562,34.41720860430215,11.105552776388194,31.41570785392696,13.206603301650825,28.8144072036018,15.307653826913455,26.313156578289142,17.408704352176088,23.911955977988992,19.509754877438716,13.384
48.624312156078034,0.9004502251125562,42.42121060530265,1.6008004002001,35.2176088044022,3.1015507753876936,30.515257628814407,4.602301150575287,27.013506753376685,6.003001500750375,24.212106053026513,7.403701850925462,21.910955477738867,8.80440220110055,19.809904952476238,10.305152576288144,17.90895447723862,11.705852926463232,16.208104052026012,13.206603301650825,10.282
45.722861430715355,0.6003001500750375,39.319659829914954,1.1005502751375686,32.016008004001996,2.2011005502751373,27.313656828414207,3.301650825412706,23.81190595297649,4.402201100550275,21.010505252626313,5.5027513756878434,18.609304652326163,6.703351675837919,16.608304152076037,7.8039019509754874,14.807403701850925,9.104552276138069,13.206603301650825,10.40520260130065,5.527
44.72236118059029,0.6003001500750375,37.61880940470235,1.200600300150075,30.515257628814407,2.3011505752876436,26.213106553276635,3.4017008504252124,23.11155577788894,4.602301150575287,20.610305152576288,5.702851425712856,18.40920460230115,6.903451725862931,16.608304152076037,8.104052026013006,14.90745372686343,9.304652326163081,13.30665332666333,10.605302651325662,1.842
35.51775887943972,0.7003501750875437,31.315657828914457,1.3006503251625812,26.813406703351674,2.6013006503251623,23.911955977988992,3.8019009504752375,21.61080540270135,5.002501250625312,19.609804902451224,6.203101550775387,17.90895447723862,7.403701850925462,16.408204102051023,8.604302151075537,14.90745372686343,9.904952476238119,13.60680340170085,11.105552776388194,2.412
42.12106053026513,0.6003001500750375,36.71835917958979,1.1005502751375686,30.4152076038019,2.2011005502751373,26.11305652826413,3.301650825412706,22.91145572786393,4.302151075537768,20.210105052526263,5.402701350675337,18.009004502251123,6.503251625812906,16.108054027013505,7.703851925962981,14.307153576788393,8.904452226113056,12.8064032016008,10.105052526263131,5.112
44.72236118059029,0.7003501750875437,39.21960980490245,1.3006503251625812,33.01650825412706,2.6013006503251623,28.8144072036018,3.8019009504752375,25.6128064032016,5.102551275637818,22.91145572786393,6.4032016008004,20.610305152576288,7.703851925962981,18.509254627313656,9.104552276138069,16.608304152076037,10.505252626313156,14.90745372686343,11.905952976488244,4.225
45.722861430715355,0.80040020010005,39.41970985492746,1.5007503751875937,32.61630815407704,2.801400700350175,28.414207103551774,4.202101050525262,25.31265632816408,5.5027513756878434,22.711355677838917,6.803401700850425,20.51025512756378,8.204102051025512,18.609304652326163,9.504752376188094,16.908454227113555,10.905452726363182,15.20760380190095,12.30615307653827,1.729
39.21960980490245,0.6003001500750375,33.81690845422711,1.200600300150075,28.114057028514257,2.3011505752876436,24.51225612806403,3.4017008504252124,21.810905452726363,4.602301150575287,19.609804902451224,5.702851425712856,17.708854427213605,6.803401700850425,15.907953976988493,8.004002001000499,14.4072036018009,9.204602301150574,13.006503251625812,10.40520260130065,0.524
39.81990995497748,0.6003001500750375,34.91745872936468,1.200600300150075,29.214607303651825,2.3011505752876436,25.512756378189092,3.4017008504252124,22.611305652826413,4.502251125562781,20.310155077538766,5.60280140070035,18.209104552276138,6.803401700850425,16.408204102051023,8.004002001000499,14.707353676838418,9.204602301150574,13.206603301650825,10.505252626313156,0.285
35.2176088044022,0.6003001500750375,30.815407703851925,1.1005502751375686,25.912956478239117,2.101050525262631,22.711355677838917,3.1015507753876936,20.310155077538766,4.202101050525262,18.209104552276138,5.202601300650325,16.408204102051023,6.3031515757878935,14.807403701850925,7.403701850925462,13.406703351675837,8.504252126063031,12.00600300150075,9.6048024012006,0.002
35.81790895447724,0.6003001500750375,31.115557778889443,1.1005502751375686,25.912956478239117,2.101050525262631,22.511255627813906,3.1015507753876936,20.01000500250125,4.102051025512756,17.90895447723862,5.102551275637818,16.108054027013505,6.103051525762881,14.507253626813405,7.20360180090045,13.006503251625812,8.204102051025512,11.705852926463232,9.404702351175587,0.117
36.71835917958979,0.6003001500750375,31.815907953976986,1.1005502751375686,26.61330665332666,2.2011005502751373,23.311655827913956,3.301650825412706,20.8104052026013,4.302151075537768,18.70935467733867,5.402701350675337,16.908454227113555,6.503251625812906,15.307653826913455,7.703851925962981,13.806903451725862,8.80440220110055,12.406203101550775,10.005002501250624,0.031
43.72186093046523,0.7003501750875437,38.019009504752376,1.3006503251625812,31.715857928964482,2.501250625312656,27.613806903451724,3.701850925462731,24.51225612806403,4.902451225612806,21.910955477738867,6.203101550775387,19.70985492746373,7.403701850925462,17.708854427213605,8.704352176088044,16.008004002000998,10.105052526263131,14.307153576788393,11.405702851425712,1.135
42.12106053026513,0.6003001500750375,36.01800900450225,1.1005502751375686,29.414707353676835,2.101050525262631,25.31265632816408,3.2016008004002,22.211105552776388,4.302151075537768,19.70985492746373,5.302651325662831,17.6088044022011,6.503251625812906,15.807903951975987,7.603801900950475,14.10705352676338,8.80440220110055,12.606303151575787,10.005002501250624,2.047
49.424712356178084,0.7003501750875437,42.62131065532766,1.3006503251625812,34.91745872936468,2.6013006503251623,30.015007503751875,3.8019009504752375,26.313156578289142,5.102551275637818,23.311655827913956,6.4032016008004,20.8104052026013,7.703851925962981,18.70935467733867,9.004502251125562,16.708354177088545,10.40520260130065,15.007503751875937,11.905952976488244,3.51
39.51975987993997,0.80040020010005,35.617808904452225,1.6008004002001,31.115557778889443,3.1015507753876936,28.01400700350175,4.502251125562781,25.512756378189092,6.003001500750375,23.411705852926463,7.403701850925462,21.410705352676338,8.80440220110055,19.609804902451224,10.305152576288144,17.90895447723862,11.805902951475737,16.30815407703852,13.206603301650825,7.052
54.62731365682841,1.1005502751375686,48.82441220610305,2.101050525262631,42.12106053026513,4.102051025512756,37.61880940470235,6.003001500750375,34.017008504252125,7.903951975987994,31.015507753876935,9.804902451225612,28.314157078539267,11.705852926463232,25.912956478239117,13.60680340170085,23.611805902951474,15.507753876938468,21.410705352676338,17.508754377188595,12.311
45.92296148074037,0.7003501750875437,40.32016008004002,1.3006503251625812,33.81690845422711,2.501250625312656,29.414707353676835,3.701850925462731,26.013006503251624,4.902451225612806,23.11155577788894,6.203101550775387,20.610305152576288,7.503751875937969,18.509254627313656,8.80440220110055,16.50825412706353,10.205102551275637,14.707353676838418,11.605802901450724,9.248
43.92196098049024,0.6003001500750375,36.8184092046023,1.1005502751375686,29.514757378689342,2.101050525262631,25.012506253126563,3.1015507753876936,21.810905452726363,4.102051025512756,19.2096048024012,5.102551275637818,17.10855427713857,6.203101550775387,15.20760380190095,7.303651825912956,13.60680340170085,8.404202101050524,12.106053026513257,9.6048024012006,11.905
46.32316158079039,0.400200100050025,40.22011005502751,0.80040020010005,32.61630815407704,1.6008004002001,27.113556778389192,2.40120060030015,22.611305652826413,3.2016008004002,19.009504752376188,4.102051025512756,16.108054027013505,4.902451225612806,13.706853426713355,5.9029514757378685,11.905952976488244,6.803401700850425,10.305152576288144,7.903951975987994,13.891
42.22111055527763,0.7003501750875437,37.718859429714854,1.4007003501750874,32.51625812906453,2.7013506753376686,28.914457228614307,4.0020010005002495,25.912956478239117,5.302651325662831,23.411705852926463,6.603301650825412,21.210605302651324,8.004002001000499,19.109554777388695,9.304652326163081,17.208604302151073,10.805402701350674,15.407703851925962,12.30615307653827,11.236
51.52576288144072,0.9004502251125562,45.82291145572786,1.8009004502251125,39.41970985492746,3.5017508754377187,35.01750875437719,5.102551275637818,31.515757878939468,6.803401700850425,28.614307153576785,8.504252126063031,25.912956478239117,10.205102551275637,23.611805902951474,11.905952976488244,21.31065532766383,13.706853426713355,19.2096048024012,15.507753876938468,7.98
60.330165082541264,1.200600300150075,52.8264132066033,2.3011505752876436,44.32216108054027,4.502251125562781,38.91945972986493,6.503251625812906,34.91745872936468,8.404202101050524,31.615807903951975,10.305152576288144,28.8144072036018,12.206103051525762,26.313156578289142,14.10705352676338,23.911955977988992,16.008004002000998,21.810905452726363,17.90895447723862,11.969
79.43971985992997,3.2016008004002,71.43571785892946,5.802901450725362,62.33116558279139,10.005002501250624,56.42821410705352,13.406703351675837,51.825912956478234,16.408204102051023,47.823911955977984,19.2096048024012,44.32216108054027,21.910955477738867,41.12056028014007,24.61230615307654,38.11905952976488,27.2136068034017,35.2176088044022,29.81490745372686,24.473
71.43571785892946,1.3006503251625812,64.03201600800399,2.40120060030015,55.52776388194097,4.8024012006003,49.82491245622811,7.20360180090045,45.222611305652826,9.6048024012006,41.32066033016508,12.00600300150075,37.81890945472736,14.507253626813405,34.517258629314654,17.208604302151073,31.41570785392696,19.90995497748874,28.314157078539267,22.611305652826413,23.006
67.53376688344171,2.0010005002501248,61.930965482741364,3.9019509754877437,55.42771385692846,7.303651825912956,50.92546273136568,10.605302651325662,47.323661830915455,13.60680340170085,44.122061030515255,16.608304152076037,41.12056028014007,19.509754877438716,38.31915957978989,22.31115557778889,35.617808904452225,25.012506253126563,32.91645822911455,27.71385692846423,21.262
53.62681340670335,0.80040020010005,46.4232116058029,1.6008004002001,38.31915957978989,3.1015507753876936,33.216608304152075,4.602301150575287,29.414707353676835,6.103051525762881,26.313156578289142,7.603801900950475,23.611805902951474,9.104552276138069,21.31065532766383,10.705352676338169,19.2096048024012,12.206103051525762,17.30865432716358,13.906953476738368,15.31
60.630315157578785,0.9004502251125562,53.426713356678334,1.7008504252126062,44.52226113056528,3.4017008504252124,38.519259629814904,5.102551275637818,33.81690845422711,6.703351675837919,30.115057528764382,8.404202101050524,26.91345672836418,10.105052526263131,24.112056028014006,11.805902951475737,21.61080540270135,13.60680340170085,19.409704852426213,15.407703851925962,14.417
51.62581290645322,0.80040020010005,45.62281140570285,1.6008004002001,38.019009504752376,3.1015507753876936,32.816408204102046,4.602301150575287,28.914457228614307,6.103051525762881,25.712856428214106,7.503751875937969,23.11155577788894,9.004502251125562,20.8104052026013,10.505252626313156,18.70935467733867,12.00600300150075,16.908454227113555,13.60680340170085,11.915
51.325662831415706,1.8009004502251125,46.72336168084042,3.5017508754377187,41.42071035517758,6.503251625812906,37.91895947973987,9.104552276138069,35.11755877938969,11.505752876438219,32.61630815407704,13.60680340170085,30.4152076038019,15.507753876938468,28.314157078539267,17.408704352176088,26.41320660330165,19.2096048024012,24.51225612806403,21.010505252626313,15.469
45.722861430715355,0.6003001500750375,37.718859429714854,1.1005502751375686,29.214607303651825,2.101050525262631,24.412206103051524,3.1015507753876936,21.210605302651324,4.202101050525262,18.70935467733867,5.202601300650325,16.708354177088545,6.203101550775387,14.90745372686343,7.303651825912956,13.406703351675837,8.404202101050524,12.00600300150075,9.6048024012006,13.079
48.42421210605303,1.6008004002001,44.32216108054027,3.1015507753876936,39.51975987993997,5.802901450725362,36.21810905452726,8.304152076038019,33.6168084042021,10.605302651325662,31.315657828914457,12.706353176588294,29.214607303651825,14.707353676838418,27.313656828414207,16.608304152076037,25.512756378189092,18.509254627313656,23.71185592796398,20.310155077538766,10.343
47.62381190595298,0.6003001500750375,40.32016008004002,1.200600300150075,32.21610805402701,2.3011505752876436,27.313656828414207,3.5017508754377187,23.81190595297649,4.602301150575287,21.110555277638817,5.802901450725362,18.809404702351173,7.003501750875437,16.908454227113555,8.204102051025512,15.107553776888443,9.504752376188094,13.506753376688343,10.805402701350674,11.007
58.12906453226613,1.1005502751375686,51.62581290645322,2.2011005502751373,44.122061030515255,4.102051025512756,39.21960980490245,6.003001500750375,35.317658829414704,7.903951975987994,32.016008004001996,9.704852426213106,29.114557278639317,11.605802901450724,26.41320660330165,13.506753376688343,23.911955977988992,15.407703851925962,21.61080540270135,17.408704352176088,11.925
57.12856428214107,0.80040020010005,49.6248124062031,1.5007503751875937,40.82041020510255,2.901450725362681,35.01750875437719,4.302151075537768,30.61530765382691,5.702851425712856,27.013506753376685,7.103551775887944,23.911955977988992,8.604302151075537,21.31065532766383,10.105052526263131,19.009504752376188,11.705852926463232,16.908454227113555,13.30665332666333,12.446
43.92196098049024,0.6003001500750375,38.31915957978989,1.200600300150075,31.815907953976986,2.40120060030015,27.513756878439217,3.601800900450225,24.312156078039017,4.8024012006003,21.61080540270135,6.003001500750375,19.409704852426213,7.20360180090045,17.408704352176088,8.404202101050524,15.607803901950975,9.804902451225612,14.007003501750875,11.105552776388194,4.751
49.82491245622811,1.0005002501250624,44.52226113056528,1.9009504752376187,38.4192096048024,3.701850925462731,34.21710855427714,5.402701350675337,31.015507753876935,7.103551775887944,28.21410705352676,8.80440220110055,25.712856428214106,10.505252626313156,23.411705852926463,12.206103051525762,21.31065532766383,14.007003501750875,19.409704852426213,15.70785392696348,2.85
40.52026013006503,0.6003001500750375,35.11755877938969,1.200600300150075,29.114557278639317,2.3011505752876436,25.31265632816408,3.4017008504252124,22.4112056028014,4.602301150575287,20.110055027513756,5.702851425712856,18.10905452726363,6.903451725862931,16.30815407703852,8.104052026013006,14.707353676838418,9.304652326163081,13.206603301650825,10.605302651325662,0.336
44.922461230615305,0.7003501750875437,39.01950975487743,1.3006503251625812,32.416208104052025,2.6013006503251623,28.21410705352676,3.8019009504752375,25.112556278139067,5.102551275637818,22.4112056028014,6.4032016008004,20.210105052526263,7.703851925962981,18.209104552276138,9.004502251125562,16.408204102051023,10.40520260130065,14.707353676838418,11.805902951475737,0.378
41.42071035517758,0.7003501750875437,36.8184092046023,1.4007003501750874,31.515757878939468,2.7013506753376686,27.913956978489242,4.0020010005002495,25.112556278139067,5.402701350675337,22.711355677838917,6.703351675837919,20.610305152576288,8.104052026013006,18.70935467733867,9.404702351175587,16.908454227113555,10.805402701350674,15.307653826913455,12.30615307653827,0.426
36.8184092046023,0.5002501250625312,31.915957978989493,0.9004502251125562,26.41320660330165,1.8009004502251125,22.811405702851424,2.7013506753376686,20.01000500250125,3.701850925462731,17.708854427213605,4.602301150575287,15.70785392696348,5.5027513756878434,14.007003501750875,6.503251625812906,12.406203101550775,7.603801900950475,11.005502751375687,8.704352176088044,0.403
47.62381190595298,0.7003501750875437,41.32066033016508,1.3006503251625812,34.21710855427714,2.6013006503251623,29.61480740370185,3.8019009504752375,26.11305652826413,5.102551275637818,23.311655827913956,6.4032016008004,20.8104052026013,7.703851925962981,18.70935467733867,9.104552276138069,16.80840420210105,10.505252626313156,15.007503751875937,11.905952976488244,0.444
36.31815907953977,0.7003501750875437,32.71635817908954,1.4007003501750874,28.51425712856428,2.7013506753376686,25.6128064032016,4.0020010005002495,23.311655827913956,5.302651325662831,21.31065532766383,6.603301650825412,19.509754877438716,8.004002001000499,17.90895447723862,9.304652326163081,16.30815407703852,10.605302651325662,14.807403701850925,12.00600300150075,0.407
44.22211105552776,0.7003501750875437,39.11955977988994,1.4007003501750874,33.31665832916458,2.801400700350175,29.414707353676835,4.202101050525262,26.313156578289142,5.5027513756878434,23.81190595297649,6.903451725862931,21.51075537768884,8.304152076038019,19.509754877438716,9.704852426213106,17.6088044022011,11.2056028014007,15.807903951975987,12.706353176588294,0.422
47.92396198099049,1.0005002501250624,43.321660830415205,1.9009504752376187,37.91895947973987,3.701850925462731,34.21710855427714,5.5027513756878434,31.21560780390195,7.303651825912956,28.614307153576785,9.104552276138069,26.313156578289142,10.905452726363182,24.112056028014006,12.706353176588294,22.011005502751374,14.507253626813405,20.01000500250125,16.408204102051023,0.434
38.71935967983992,0.6003001500750375,34.017008504252125,1.1005502751375686,28.614307153576785,2.2011005502751373,25.012506253126563,3.301650825412706,22.211105552776388,4.402201100550275,19.809904952476238,5.5027513756878434,17.808904452226113,6.603301650825412,16.008004002000998,7.8039019509754874,14.4072036018009,9.004502251125562,12.906453226613305,10.305152576288144,0.446
50.72536268134067,0.7003501750875437,44.422211105552776,1.3006503251625812,37.01850925462731,2.6013006503251623,31.915957978989493,3.9019509754877437,28.01400700350175,5.202601300650325,24.81240620310155,6.503251625812906,22.11105552776388,7.903951975987994,19.70985492746373,9.304652326163081,17.508754377188595,10.705352676338169,15.607803901950975,12.30615307653827,0.445
38.31915957978989,0.6003001500750375,33.11655827913957,1.1005502751375686,27.41370685342671,2.2011005502751373,23.81190595297649,3.301650825412706,21.010505252626313,4.302151075537768,18.809404702351173,5.402701350675337,16.908454227113555,6.503251625812906,15.307653826913455,7.603801900950475,13.706853426713355,8.704352176088044,12.30615307653827,9.904952476238119,0.455
43.2216108054027,0.5002501250625312,36.01800900450225,1.0005002501250624,28.314157078539267,1.9009504752376187,23.911955977988992,2.901450725362681,20.71035517758879,3.9019509754877437,18.309154577288645,4.902451225612806,16.208104052026012,5.9029514757378685,14.507253626813405,6.903451725862931,12.906453226613305,8.004002001000499,11.505752876438219,9.104552276138069,0.477
47.52376188094047,0.7003501750875437,41.52076038019009,1.3006503251625812,34.61730865432716,2.6013006503251623,30.115057528764382,3.9019509754877437,26.61330665332666,5.202601300650325,23.71185592796398,6.503251625812906,21.31065532766383,7.903951975987994,19.109554777388695,9.304652326163081,17.10855427713857,10.705352676338169,15.307653826913455,12.206103051525762,0.451
37.81890945472736,0.6003001500750375,32.71635817908954,1.1005502751375686,27.113556778389192,2.101050525262631,23.611805902951474,3.1015507753876936,20.910455227613806,4.202101050525262,18.70935467733867,5.202601300650325,16.80840420210105,6.3031515757878935,15.107553776888443,7.403701850925462,13.60680340170085,8.604302151075537,12.206103051525762,9.704852426213106,0.466
40.62031015507753,0.80040020010005,36.118059029514754,1.5007503751875937,31.015507753876935,2.901450725362681,27.613806903451724,4.202101050525262,24.912456228114056,5.60280140070035,22.611305652826413,7.003501750875437,20.610305152576288,8.304152076038019,18.809404702351173,9.704852426213106,17.10855427713857,11.105552776388194,15.507753876938468,12.606303151575787,0.456
47.22361180590295,0.80040020010005,41.720860430215104,1.6008004002001,35.41770885442721,3.2016008004002,31.21560780390195,4.702351175587793,28.01400700350175,6.203101550775387,25.31265632816408,7.703851925962981,23.011505752876438,9.204602301150574,20.8104052026013,10.705352676338169,18.90945472736368,12.206103051525762,17.10855427713857,13.806903451725862,0.482
41.82091045522761,0.6003001500750375,36.31815907953977,1.200600300150075,30.215107553776885,2.3011505752876436,26.313156578289142,3.5017508754377187,23.411705852926463,4.702351175587793,20.910455227613806,5.9029514757378685,18.809404702351173,7.103551775887944,17.008504252126063,8.304152076038019,15.307653826913455,9.6048024012006,13.706853426713355,10.905452726363182,0.479
41.6208104052026,0.80040020010005,36.918459229614804,1.4007003501750874,31.515757878939468,2.801400700350175,27.913956978489242,4.202101050525262,25.112556278139067,5.5027513756878434,22.711355677838917,6.803401700850425,20.610305152576288,8.204102051025512,18.70935467733867,9.6048024012006,17.008504252126063,11.005502751375687,15.407703851925962,12.406203101550775,0.469
40.120060030015004,0.7003501750875437,34.61730865432716,1.4007003501750874,28.8144072036018,2.6013006503251623,25.212606303151574,3.9019509754877437,22.511255627813906,5.102551275637818,20.310155077538766,6.3031515757878935,18.509254627313656,7.603801900950475,16.80840420210105,8.80440220110055,15.307653826913455,10.005002501250624,13.806903451725862,11.305652826413207,0.473
